Component,Origin,License,Copyright
bundled:pypi:fonttools@4.65.0/Adobe AGL & AGLFN,https://pypi.org/project/fonttools/4.65.0/,BSD-3-Clause,NOASSERTION — no copyright notice identified in supplied files
bundled:pypi:fonttools@4.65.0/Noto Fonts,https://pypi.org/project/fonttools/4.65.0/,OFL-1.1,NOASSERTION — no copyright notice identified in supplied files
bundled:pypi:matplotlib@3.11.2/BaKoMa Fonts,https://pypi.org/project/matplotlib/3.11.2/,LicenseRef-BaKoMa,"Copyright (C) 1994, 1995, Basil K. Malyshev. All Rights Reserved."
bundled:pypi:matplotlib@3.11.2/FreeType,https://pypi.org/project/matplotlib/3.11.2/,FTL OR GPL-2.0-or-later,NOASSERTION — no copyright notice identified in supplied files
bundled:pypi:matplotlib@3.11.2/JSXTools resize observer,https://pypi.org/project/matplotlib/3.11.2/,CC0-1.0,NOASSERTION — no copyright notice identified in supplied files
bundled:pypi:matplotlib@3.11.2/Last Resort fonts,https://pypi.org/project/matplotlib/3.11.2/,OFL-1.1,NOASSERTION — no copyright notice identified in supplied files
bundled:pypi:matplotlib@3.11.2/SheenBidi,https://pypi.org/project/matplotlib/3.11.2/,Apache-2.0,NOASSERTION — no copyright notice identified in supplied files
bundled:pypi:matplotlib@3.11.2/Yorick Colormaps,https://pypi.org/project/matplotlib/3.11.2/,LicenseRef-Yorick-Colormaps,Copyright (c) 1996.  The Regents of the University of California.
bundled:pypi:matplotlib@3.11.2/matplotlib/mpl-data/fonts/ttf/LICENSE_DEJAVU,https://pypi.org/project/matplotlib/3.11.2/,LicenseRef-DejaVu-Bundle,"Copyright (c) 2003 by Bitstream, Inc. All Rights Reserved. Bitstream Vera is | Copyright (c) 2006 by Tavmjong Bah. All Rights Reserved."
bundled:pypi:numpy@2.5.3/GCC runtime library,https://pypi.org/project/numpy/2.5.3/,GPL-3.0-or-later WITH GCC-exception-3.1,"Copyright (C) 2002-2017 Free Software Foundation, Inc. | Copyright (C) 2009 Free Software Foundation, Inc. <https://fsf.org/> | Copyright (C) 2007 Free Software Foundation, Inc. <https://fsf.org/>"
bundled:pypi:numpy@2.5.3/libquadmath,https://pypi.org/project/numpy/2.5.3/,LGPL-2.1-or-later,"Copyright (C) 2010-2019 Free Software Foundation, Inc."
bundled:pypi:numpy@2.5.3/numpy/random/src/splitmix64/LICENSE.md,https://pypi.org/project/numpy/2.5.3/,CC0-1.0,NOASSERTION — no copyright notice identified in supplied files
bundled:pypi:pillow@12.3.0/AOM,https://pypi.org/project/pillow/12.3.0/,BSD-2-Clause AND LicenseRef-AOM-Patent,"Copyright (c) 2016, Alliance for Open Media. All rights reserved."
bundled:pypi:pillow@12.3.0/FREETYPE2,https://pypi.org/project/pillow/12.3.0/,FTL OR GPL-2.0-only,"Copyright 1996-2002, 2006 by David Turner, Robert Wilhelm, and Werner Lemberg | The FreeType  Project is copyright (C) 1996-2000  by David Turner, Robert Wilhelm, and Werner Lemberg.  All rights reserved except as | Copyright (C) 2001-2002 by Francesco Zappa Nardelli | Copyright 2000 Computing Research Labs, New Mexico State University | Copyright 2001-2002, 2011 Francesco Zappa Nardelli | Copyright (C) 2000 by Francesco Zappa Nardelli"
bundled:pypi:pillow@12.3.0/LIBJPEG,https://pypi.org/project/pillow/12.3.0/,LicenseRef-libjpeg-turbo-bundle,"This software is copyright (C) 1991-2020, Thomas G. Lane, Guido Vollbeding."
bundled:pypi:pillow@12.3.0/LIBLZMA,https://pypi.org/project/pillow/12.3.0/,LicenseRef-XZ-bundle,NOASSERTION — no copyright notice identified in supplied files
cargo:anyhow@1.0.104,https://crates.io/crates/anyhow/1.0.104,MIT OR Apache-2.0,NOASSERTION — no copyright notice identified in supplied files
cargo:async-trait@0.1.92,https://crates.io/crates/async-trait/0.1.92,MIT OR Apache-2.0,NOASSERTION — no copyright notice identified in supplied files
cargo:displaydoc@0.2.7,https://crates.io/crates/displaydoc/0.2.7,MIT OR Apache-2.0,NOASSERTION — no copyright notice identified in supplied files
cargo:itoa@1.0.18,https://crates.io/crates/itoa/1.0.18,MIT OR Apache-2.0,NOASSERTION — no copyright notice identified in supplied files
cargo:once_cell@1.21.4,https://crates.io/crates/once_cell/1.21.4,MIT OR Apache-2.0,NOASSERTION — no copyright notice identified in supplied files
cargo:opentelemetry-appender-tracing@0.31.1,https://crates.io/crates/opentelemetry-appender-tracing/0.31.1,Apache-2.0,NOASSERTION — no copyright notice identified in supplied files
cargo:opentelemetry-http@0.31.0,https://crates.io/crates/opentelemetry-http/0.31.0,Apache-2.0,NOASSERTION — no copyright notice identified in supplied files
cargo:opentelemetry-otlp@0.31.1,https://crates.io/crates/opentelemetry-otlp/0.31.1,Apache-2.0,NOASSERTION — no copyright notice identified in supplied files
cargo:opentelemetry-proto@0.31.0,https://crates.io/crates/opentelemetry-proto/0.31.0,Apache-2.0,NOASSERTION — no copyright notice identified in supplied files
cargo:opentelemetry@0.31.0,https://crates.io/crates/opentelemetry/0.31.0,Apache-2.0,NOASSERTION — no copyright notice identified in supplied files
cargo:opentelemetry_sdk@0.31.0,https://crates.io/crates/opentelemetry_sdk/0.31.0,Apache-2.0,NOASSERTION — no copyright notice identified in supplied files
cargo:pin-project-internal@1.1.13,https://crates.io/crates/pin-project-internal/1.1.13,Apache-2.0 OR MIT,NOASSERTION — no copyright notice identified in supplied files
cargo:pin-project-lite@0.2.17,https://crates.io/crates/pin-project-lite/0.2.17,Apache-2.0 OR MIT,NOASSERTION — no copyright notice identified in supplied files
cargo:pin-project@1.1.13,https://crates.io/crates/pin-project/1.1.13,Apache-2.0 OR MIT,NOASSERTION — no copyright notice identified in supplied files
cargo:proc-macro2@1.0.107,https://crates.io/crates/proc-macro2/1.0.107,MIT OR Apache-2.0,NOASSERTION — no copyright notice identified in supplied files
cargo:prost-derive@0.14.4,https://crates.io/crates/prost-derive/0.14.4,Apache-2.0,NOASSERTION — no copyright notice identified in supplied files
cargo:prost@0.14.4,https://crates.io/crates/prost/0.14.4,Apache-2.0,NOASSERTION — no copyright notice identified in supplied files
cargo:quote@1.0.47,https://crates.io/crates/quote/1.0.47,MIT OR Apache-2.0,NOASSERTION — no copyright notice identified in supplied files
cargo:r-efi@5.3.0,https://crates.io/crates/r-efi/5.3.0,MIT OR Apache-2.0 OR LGPL-2.1-or-later,NOASSERTION — no copyright notice identified in supplied files
cargo:r-efi@6.0.0,https://crates.io/crates/r-efi/6.0.0,MIT OR Apache-2.0 OR LGPL-2.1-or-later,NOASSERTION — no copyright notice identified in supplied files
cargo:rustc-hash@2.1.3,https://crates.io/crates/rustc-hash/2.1.3,Apache-2.0 OR MIT,NOASSERTION — no copyright notice identified in supplied files
cargo:rustversion@1.0.23,https://crates.io/crates/rustversion/1.0.23,MIT OR Apache-2.0,NOASSERTION — no copyright notice identified in supplied files
cargo:serde@1.0.229,https://crates.io/crates/serde/1.0.229,MIT OR Apache-2.0,NOASSERTION — no copyright notice identified in supplied files
cargo:serde_core@1.0.229,https://crates.io/crates/serde_core/1.0.229,MIT OR Apache-2.0,NOASSERTION — no copyright notice identified in supplied files
cargo:serde_derive@1.0.229,https://crates.io/crates/serde_derive/1.0.229,MIT OR Apache-2.0,NOASSERTION — no copyright notice identified in supplied files
cargo:serde_json@1.0.151,https://crates.io/crates/serde_json/1.0.151,MIT OR Apache-2.0,NOASSERTION — no copyright notice identified in supplied files
cargo:serde_path_to_error@0.1.20,https://crates.io/crates/serde_path_to_error/0.1.20,MIT OR Apache-2.0,NOASSERTION — no copyright notice identified in supplied files
cargo:syn@2.0.119,https://crates.io/crates/syn/2.0.119,MIT OR Apache-2.0,NOASSERTION — no copyright notice identified in supplied files
cargo:syn@3.0.6,https://crates.io/crates/syn/3.0.6,MIT OR Apache-2.0,NOASSERTION — no copyright notice identified in supplied files
cargo:target-tuple@1.0.2,https://crates.io/crates/target-tuple/1.0.2,MIT OR Apache-2.0,NOASSERTION — no copyright notice identified in supplied files
cargo:thiserror-impl@2.0.20,https://crates.io/crates/thiserror-impl/2.0.20,MIT OR Apache-2.0,NOASSERTION — no copyright notice identified in supplied files
cargo:thiserror@2.0.20,https://crates.io/crates/thiserror/2.0.20,MIT OR Apache-2.0,NOASSERTION — no copyright notice identified in supplied files
cargo:trybuild@1.0.121,https://crates.io/crates/trybuild/1.0.121,MIT OR Apache-2.0,NOASSERTION — no copyright notice identified in supplied files
cargo:wasi@0.11.1+wasi-snapshot-preview1,https://crates.io/crates/wasi/0.11.1+wasi-snapshot-preview1,Apache-2.0 WITH LLVM-exception OR Apache-2.0 OR MIT,NOASSERTION — no copyright notice identified in supplied files
cargo:wasip2@1.0.4+wasi-0.2.12,https://crates.io/crates/wasip2/1.0.4+wasi-0.2.12,Apache-2.0 WITH LLVM-exception OR Apache-2.0 OR MIT,NOASSERTION — no copyright notice identified in supplied files
cargo:webpki-roots@1.0.9,https://crates.io/crates/webpki-roots/1.0.9,CDLA-Permissive-2.0,NOASSERTION — no copyright notice identified in supplied files
cargo:winnow@1.0.4,https://crates.io/crates/winnow/1.0.4,MIT,NOASSERTION — no copyright notice identified in supplied files
cargo:wit-bindgen@0.57.1,https://crates.io/crates/wit-bindgen/0.57.1,Apache-2.0 WITH LLVM-exception OR Apache-2.0 OR MIT,NOASSERTION — no copyright notice identified in supplied files
cargo:zmij@1.0.23,https://crates.io/crates/zmij/1.0.23,MIT,NOASSERTION — no copyright notice identified in supplied files
npm:@datadog/druids@0.1.0,https://registry.npmjs.org/@datadog/druids/-/druids-0.1.0.tgz,LicenseRef-Datadog-EULA,"Copyright 2026-present Datadog, Inc."
npm:case@1.6.3,https://www.npmjs.com/package/case/v/1.6.3,(MIT OR GPL-3.0-or-later),Nathan Bubna (http://www.esha.com/)
npm:is-node-process@1.0.1,https://registry.npmjs.org/is-node-process/-/is-node-process-1.0.1.tgz,MIT,NOASSERTION — upstream inventory supplies only a project URL
npm:odiff@1.4.2,https://registry.npmjs.org/odiff/-/odiff-1.4.2.tgz,MIT,NOASSERTION — upstream inventory supplies only a project URL
npm:text-encoding-utf-8@1.0.2,https://registry.npmjs.org/text-encoding-utf-8/-/text-encoding-utf-8-1.0.2.tgz,LicenseRef-TextEncoding-Bundle,NOASSERTION — upstream inventory supplies only a project URL
npm:w3c-xmlserializer@5.0.0,https://registry.npmjs.org/w3c-xmlserializer/-/w3c-xmlserializer-5.0.0.tgz,MIT,NOASSERTION — upstream inventory supplies only a project URL
pypi:matplotlib@3.11.2,https://pypi.org/project/matplotlib/3.11.2/,LicenseRef-Matplotlib,"License Agreement and MDT's notice of copyright, i.e., ""Copyright (c) 2012- Matplotlib Development Team; All Rights Reserved"" are retained in | License Agreement and JDH's notice of copyright, i.e., ""Copyright (c) 2002-2011 John D. Hunter; All Rights Reserved"" are retained in | Copyright (c) 1997, 2009, American Mathematical Society (http://www.ams.org). | Copyright (C) 1994, 1995, Basil K. Malyshev. All Rights Reserved. | Copyright (c) 2002 Cynthia Brewer, Mark Harrower, and The Pennsylvania State University. | (c) Copyright 1989-1992, Bitstream Inc., Cambridge, MA. | Copyright © 2010-2022  Google, Inc. | Copyright © 2015-2020  Ebrahim Byagowi | Copyright © 2019,2020  Facebook, Inc. | Copyright © 2012,2015  Mozilla Foundation | Copyright © 2011  Codethink Limited | Copyright © 2008,2010  Nokia Corporation and/or its subsidiary(-ies) | Copyright © 2009  Keith Stribley | Copyright © 2011  Martin Hosken and SIL International | Copyright © 2007  Chris Wilson | Copyright © 2005,2006,2020,2021,2022,2023  Behdad Esfahbod | Copyright © 2004,2007,2008,2009,2010,2013,2021,2022,2023  Red Hat, Inc. | Copyright © 1998-2005  David Turner and Werner Lemberg | Copyright © 2016  Igalia S.L. | Copyright © 2022  Matthias Clasen | Copyright © 2018,2021  Khaled Hosny | Copyright © 2018,2019,2020  Adobe, Inc | Copyright © 2013-2015  Alexei Podtelezhnikov | Copyright © 2015 Information Technology Authority (ITA) <foss@ita.gov.om> | Copyright © 2016-2023 Khaled Hosny <khaled@aliftype.com> | Qhull, Copyright (c) 1993-2020  | Copyright (c) 2009 Pierre Raybaut | Copyright (c) 2011 Ethan Schoonover | Copyright (c) 2001-2010 by the STI Pub Companies, consisting of the American | Portions copyright (c) 1998-2003 by MicroPress, Inc. (www.micropress-inc.com), with Reserved Font Name TM Math. To obtain additional mathematical fonts, please | Portions copyright (c) 1990 by Elsevier, Inc. | Copyright (c) 1996.  The Regents of the University of California. | Copyright (c) 2003 by Bitstream, Inc. All Rights Reserved. Bitstream Vera is | Copyright (c) 2006 by Tavmjong Bah. All Rights Reserved."
